Ø	Ø1	er1
Ø	Ø2	er2
Ø	Ø3	er3
Ø	Ø4	er4
Ø	Ø5	er5
Ø	a1	a1
Ø	a2	a2
Ø	a3	a3
Ø	a4	a4
Ø	a5	a5
Ø	o1	o1
Ø	o2	o2
Ø	o3	o3
Ø	o4	o4
Ø	o5	o5
Ø	e1	e1
Ø	e2	e2
Ø	e3	e3
Ø	e4	e4
Ø	e5	e5
Ø	ai1	ai1
Ø	ai2	ai2
Ø	ai3	ai3
Ø	ai4	ai4
Ø	ai5	ai5
Ø	ei1	ei1
Ø	ei2	ei2
Ø	ei3	ei3
Ø	ei4	ei4
Ø	ei5	ei5
Ø	ao1	ao1
Ø	ao2	ao2
Ø	ao3	ao3
Ø	ao4	ao4
Ø	ao5	ao5
Ø	ou1	ou1
Ø	ou2	ou2
Ø	ou3	ou3
Ø	ou4	ou4
Ø	ou5	ou5
Ø	an1	an1
Ø	an2	an2
Ø	an3	an3
Ø	an4	an4
Ø	an5	an5
Ø	(e)n1	en1
Ø	(e)n2	en2
Ø	(e)n3	en3
Ø	(e)n4	en4
Ø	(e)n5	en5
Ø	ang1	ang1
Ø	ang2	ang2
Ø	ang3	ang3
Ø	ang4	ang4
Ø	ang5	ang5
Ø	(e)ng1	eng1
Ø	(e)ng2	eng2
Ø	(e)ng3	eng3
Ø	(e)ng4	eng4
Ø	(e)ng5	eng5
b	a1	ba1
b	a2	ba2
b	a3	ba3
b	a4	ba4
b	a5	ba5
b	o1	bo1
b	o2	bo2
b	o3	bo3
b	o4	bo4
b	o5	bo5
b	ai1	bai1
b	ai2	bai2
b	ai3	bai3
b	ai4	bai4
b	ai5	bai5
b	ei1	bei1
b	ei2	bei2
b	ei3	bei3
b	ei4	bei4
b	ei5	bei5
b	ao1	bao1
b	ao2	bao2
b	ao3	bao3
b	ao4	bao4
b	ao5	bao5
b	an1	ban1
b	an2	ban2
b	an3	ban3
b	an4	ban4
b	an5	ban5
b	(e)n1	ben1
b	(e)n2	ben2
b	(e)n3	ben3
b	(e)n4	ben4
b	(e)n5	ben5
b	ang1	bang1
b	ang2	bang2
b	ang3	bang3
b	ang4	bang4
b	ang5	bang5
b	(e)ng1	beng1
b	(e)ng2	beng2
b	(e)ng3	beng3
b	(e)ng4	beng4
b	(e)ng5	beng5
p	a1	pa1
p	a2	pa2
p	a3	pa3
p	a4	pa4
p	a5	pa5
p	o1	po1
p	o2	po2
p	o3	po3
p	o4	po4
p	o5	po5
p	ai1	pai1
p	ai2	pai2
p	ai3	pai3
p	ai4	pai4
p	ai5	pai5
p	ei1	pei1
p	ei2	pei2
p	ei3	pei3
p	ei4	pei4
p	ei5	pei5
p	ao1	pao1
p	ao2	pao2
p	ao3	pao3
p	ao4	pao4
p	ao5	pao5
p	ou1	pou1
p	ou2	pou2
p	ou3	pou3
p	ou4	pou4
p	ou5	pou5
p	an1	pan1
p	an2	pan2
p	an3	pan3
p	an4	pan4
p	an5	pan5
p	(e)n1	pen1
p	(e)n2	pen2
p	(e)n3	pen3
p	(e)n4	pen4
p	(e)n5	pen5
p	ang1	pang1
p	ang2	pang2
p	ang3	pang3
p	ang4	pang4
p	ang5	pang5
p	(e)ng1	peng1
p	(e)ng2	peng2
p	(e)ng3	peng3
p	(e)ng4	peng4
p	(e)ng5	peng5
m	a1	ma1
m	a2	ma2
m	a3	ma3
m	a4	ma4
m	a5	ma5
m	o1	mo1
m	o2	mo2
m	o3	mo3
m	o4	mo4
m	o5	mo5
m	e1	me1
m	e2	me2
m	e3	me3
m	e4	me4
m	e5	me5
m	ai1	mai1
m	ai2	mai2
m	ai3	mai3
m	ai4	mai4
m	ai5	mai5
m	ei1	mei1
m	ei2	mei2
m	ei3	mei3
m	ei4	mei4
m	ei5	mei5
m	ao1	mao1
m	ao2	mao2
m	ao3	mao3
m	ao4	mao4
m	ao5	mao5
m	ou1	mou1
m	ou2	mou2
m	ou3	mou3
m	ou4	mou4
m	ou5	mou5
m	an1	man1
m	an2	man2
m	an3	man3
m	an4	man4
m	an5	man5
m	(e)n1	men1
m	(e)n2	men2
m	(e)n3	men3
m	(e)n4	men4
m	(e)n5	men5
m	ang1	mang1
m	ang2	mang2
m	ang3	mang3
m	ang4	mang4
m	ang5	mang5
m	(e)ng1	meng1
m	(e)ng2	meng2
m	(e)ng3	meng3
m	(e)ng4	meng4
m	(e)ng5	meng5
f	a1	fa1
f	a2	fa2
f	a3	fa3
f	a4	fa4
f	a5	fa5
f	o1	fo1
f	o2	fo2
f	o3	fo3
f	o4	fo4
f	o5	fo5
f	ei1	fei1
f	ei2	fei2
f	ei3	fei3
f	ei4	fei4
f	ei5	fei5
f	ou1	fou1
f	ou2	fou2
f	ou3	fou3
f	ou4	fou4
f	ou5	fou5
f	an1	fan1
f	an2	fan2
f	an3	fan3
f	an4	fan4
f	an5	fan5
f	(e)n1	fen1
f	(e)n2	fen2
f	(e)n3	fen3
f	(e)n4	fen4
f	(e)n5	fen5
f	ang1	fang1
f	ang2	fang2
f	ang3	fang3
f	ang4	fang4
f	ang5	fang5
f	(e)ng1	feng1
f	(e)ng2	feng2
f	(e)ng3	feng3
f	(e)ng4	feng4
f	(e)ng5	feng5
d	a1	da1
d	a2	da2
d	a3	da3
d	a4	da4
d	a5	da5
d	e1	de1
d	e2	de2
d	e3	de3
d	e4	de4
d	e5	de5
d	ai1	dai1
d	ai2	dai2
d	ai3	dai3
d	ai4	dai4
d	ai5	dai5
d	ei1	dei1
d	ei2	dei2
d	ei3	dei3
d	ei4	dei4
d	ei5	dei5
d	ao1	dao1
d	ao2	dao2
d	ao3	dao3
d	ao4	dao4
d	ao5	dao5
d	ou1	dou1
d	ou2	dou2
d	ou3	dou3
d	ou4	dou4
d	ou5	dou5
d	an1	dan1
d	an2	dan2
d	an3	dan3
d	an4	dan4
d	an5	dan5
d	(e)n1	den1
d	(e)n2	den2
d	(e)n3	den3
d	(e)n4	den4
d	(e)n5	den5
d	ang1	dang1
d	ang2	dang2
d	ang3	dang3
d	ang4	dang4
d	ang5	dang5
d	(e)ng1	deng1
d	(e)ng2	deng2
d	(e)ng3	deng3
d	(e)ng4	deng4
d	(e)ng5	deng5
t	a1	ta1
t	a2	ta2
t	a3	ta3
t	a4	ta4
t	a5	ta5
t	e1	te1
t	e2	te2
t	e3	te3
t	e4	te4
t	e5	te5
t	ai1	tai1
t	ai2	tai2
t	ai3	tai3
t	ai4	tai4
t	ai5	tai5
t	ei1	tei1
t	ei2	tei2
t	ei3	tei3
t	ei4	tei4
t	ei5	tei5
t	ao1	tao1
t	ao2	tao2
t	ao3	tao3
t	ao4	tao4
t	ao5	tao5
t	ou1	tou1
t	ou2	tou2
t	ou3	tou3
t	ou4	tou4
t	ou5	tou5
t	an1	tan1
t	an2	tan2
t	an3	tan3
t	an4	tan4
t	an5	tan5
t	ang1	tang1
t	ang2	tang2
t	ang3	tang3
t	ang4	tang4
t	ang5	tang5
t	(e)ng1	teng1
t	(e)ng2	teng2
t	(e)ng3	teng3
t	(e)ng4	teng4
t	(e)ng5	teng5
n	a1	na1
n	a2	na2
n	a3	na3
n	a4	na4
n	a5	na5
n	e1	ne1
n	e2	ne2
n	e3	ne3
n	e4	ne4
n	e5	ne5
n	ai1	nai1
n	ai2	nai2
n	ai3	nai3
n	ai4	nai4
n	ai5	nai5
n	ei1	nei1
n	ei2	nei2
n	ei3	nei3
n	ei4	nei4
n	ei5	nei5
n	ao1	nao1
n	ao2	nao2
n	ao3	nao3
n	ao4	nao4
n	ao5	nao5
n	ou1	nou1
n	ou2	nou2
n	ou3	nou3
n	ou4	nou4
n	ou5	nou5
n	an1	nan1
n	an2	nan2
n	an3	nan3
n	an4	nan4
n	an5	nan5
n	(e)n1	nen1
n	(e)n2	nen2
n	(e)n3	nen3
n	(e)n4	nen4
n	(e)n5	nen5
n	ang1	nang1
n	ang2	nang2
n	ang3	nang3
n	ang4	nang4
n	ang5	nang5
n	(e)ng1	neng1
n	(e)ng2	neng2
n	(e)ng3	neng3
n	(e)ng4	neng4
n	(e)ng5	neng5
l	a1	la1
l	a2	la2
l	a3	la3
l	a4	la4
l	a5	la5
l	o1	lo1
l	o2	lo2
l	o3	lo3
l	o4	lo4
l	o5	lo5
l	e1	le1
l	e2	le2
l	e3	le3
l	e4	le4
l	e5	le5
l	ai1	lai1
l	ai2	lai2
l	ai3	lai3
l	ai4	lai4
l	ai5	lai5
l	ei1	lei1
l	ei2	lei2
l	ei3	lei3
l	ei4	lei4
l	ei5	lei5
l	ao1	lao1
l	ao2	lao2
l	ao3	lao3
l	ao4	lao4
l	ao5	lao5
l	ou1	lou1
l	ou2	lou2
l	ou3	lou3
l	ou4	lou4
l	ou5	lou5
l	an1	lan1
l	an2	lan2
l	an3	lan3
l	an4	lan4
l	an5	lan5
l	ang1	lang1
l	ang2	lang2
l	ang3	lang3
l	ang4	lang4
l	ang5	lang5
l	(e)ng1	leng1
l	(e)ng2	leng2
l	(e)ng3	leng3
l	(e)ng4	leng4
l	(e)ng5	leng5
g	a1	ga1
g	a2	ga2
g	a3	ga3
g	a4	ga4
g	a5	ga5
g	e1	ge1
g	e2	ge2
g	e3	ge3
g	e4	ge4
g	e5	ge5
g	ai1	gai1
g	ai2	gai2
g	ai3	gai3
g	ai4	gai4
g	ai5	gai5
g	ei1	gei1
g	ei2	gei2
g	ei3	gei3
g	ei4	gei4
g	ei5	gei5
g	ao1	gao1
g	ao2	gao2
g	ao3	gao3
g	ao4	gao4
g	ao5	gao5
g	ou1	gou1
g	ou2	gou2
g	ou3	gou3
g	ou4	gou4
g	ou5	gou5
g	an1	gan1
g	an2	gan2
g	an3	gan3
g	an4	gan4
g	an5	gan5
g	(e)n1	gen1
g	(e)n2	gen2
g	(e)n3	gen3
g	(e)n4	gen4
g	(e)n5	gen5
g	ang1	gang1
g	ang2	gang2
g	ang3	gang3
g	ang4	gang4
g	ang5	gang5
g	(e)ng1	geng1
g	(e)ng2	geng2
g	(e)ng3	geng3
g	(e)ng4	geng4
g	(e)ng5	geng5
k	a1	ka1
k	a2	ka2
k	a3	ka3
k	a4	ka4
k	a5	ka5
k	e1	ke1
k	e2	ke2
k	e3	ke3
k	e4	ke4
k	e5	ke5
k	ai1	kai1
k	ai2	kai2
k	ai3	kai3
k	ai4	kai4
k	ai5	kai5
k	ao1	kao1
k	ao2	kao2
k	ao3	kao3
k	ao4	kao4
k	ao5	kao5
k	ou1	kou1
k	ou2	kou2
k	ou3	kou3
k	ou4	kou4
k	ou5	kou5
k	an1	kan1
k	an2	kan2
k	an3	kan3
k	an4	kan4
k	an5	kan5
k	(e)n1	ken1
k	(e)n2	ken2
k	(e)n3	ken3
k	(e)n4	ken4
k	(e)n5	ken5
k	ang1	kang1
k	ang2	kang2
k	ang3	kang3
k	ang4	kang4
k	ang5	kang5
k	(e)ng1	keng1
k	(e)ng2	keng2
k	(e)ng3	keng3
k	(e)ng4	keng4
k	(e)ng5	keng5
h	a1	ha1
h	a2	ha2
h	a3	ha3
h	a4	ha4
h	a5	ha5
h	e1	he1
h	e2	he2
h	e3	he3
h	e4	he4
h	e5	he5
h	ai1	hai1
h	ai2	hai2
h	ai3	hai3
h	ai4	hai4
h	ai5	hai5
h	ei1	hei1
h	ei2	hei2
h	ei3	hei3
h	ei4	hei4
h	ei5	hei5
h	ao1	hao1
h	ao2	hao2
h	ao3	hao3
h	ao4	hao4
h	ao5	hao5
h	ou1	hou1
h	ou2	hou2
h	ou3	hou3
h	ou4	hou4
h	ou5	hou5
h	an1	han1
h	an2	han2
h	an3	han3
h	an4	han4
h	an5	han5
h	(e)n1	hen1
h	(e)n2	hen2
h	(e)n3	hen3
h	(e)n4	hen4
h	(e)n5	hen5
h	ang1	hang1
h	ang2	hang2
h	ang3	hang3
h	ang4	hang4
h	ang5	hang5
h	(e)ng1	heng1
h	(e)ng2	heng2
h	(e)ng3	heng3
h	(e)ng4	heng4
h	(e)ng5	heng5
zh	Ø1	zhi1
zh	Ø2	zhi2
zh	Ø3	zhi3
zh	Ø4	zhi4
zh	Ø5	zhi5
zh	a1	zha1
zh	a2	zha2
zh	a3	zha3
zh	a4	zha4
zh	a5	zha5
zh	e1	zhe1
zh	e2	zhe2
zh	e3	zhe3
zh	e4	zhe4
zh	e5	zhe5
zh	ai1	zhai1
zh	ai2	zhai2
zh	ai3	zhai3
zh	ai4	zhai4
zh	ai5	zhai5
zh	ei1	zhei1
zh	ei2	zhei2
zh	ei3	zhei3
zh	ei4	zhei4
zh	ei5	zhei5
zh	ao1	zhao1
zh	ao2	zhao2
zh	ao3	zhao3
zh	ao4	zhao4
zh	ao5	zhao5
zh	ou1	zhou1
zh	ou2	zhou2
zh	ou3	zhou3
zh	ou4	zhou4
zh	ou5	zhou5
zh	an1	zhan1
zh	an2	zhan2
zh	an3	zhan3
zh	an4	zhan4
zh	an5	zhan5
zh	(e)n1	zhen1
zh	(e)n2	zhen2
zh	(e)n3	zhen3
zh	(e)n4	zhen4
zh	(e)n5	zhen5
zh	ang1	zhang1
zh	ang2	zhang2
zh	ang3	zhang3
zh	ang4	zhang4
zh	ang5	zhang5
zh	(e)ng1	zheng1
zh	(e)ng2	zheng2
zh	(e)ng3	zheng3
zh	(e)ng4	zheng4
zh	(e)ng5	zheng5
ch	Ø1	chi1
ch	Ø2	chi2
ch	Ø3	chi3
ch	Ø4	chi4
ch	Ø5	chi5
ch	a1	cha1
ch	a2	cha2
ch	a3	cha3
ch	a4	cha4
ch	a5	cha5
ch	e1	che1
ch	e2	che2
ch	e3	che3
ch	e4	che4
ch	e5	che5
ch	ai1	chai1
ch	ai2	chai2
ch	ai3	chai3
ch	ai4	chai4
ch	ai5	chai5
ch	ao1	chao1
ch	ao2	chao2
ch	ao3	chao3
ch	ao4	chao4
ch	ao5	chao5
ch	ou1	chou1
ch	ou2	chou2
ch	ou3	chou3
ch	ou4	chou4
ch	ou5	chou5
ch	an1	chan1
ch	an2	chan2
ch	an3	chan3
ch	an4	chan4
ch	an5	chan5
ch	(e)n1	chen1
ch	(e)n2	chen2
ch	(e)n3	chen3
ch	(e)n4	chen4
ch	(e)n5	chen5
ch	ang1	chang1
ch	ang2	chang2
ch	ang3	chang3
ch	ang4	chang4
ch	ang5	chang5
ch	(e)ng1	cheng1
ch	(e)ng2	cheng2
ch	(e)ng3	cheng3
ch	(e)ng4	cheng4
ch	(e)ng5	cheng5
sh	Ø1	shi1
sh	Ø2	shi2
sh	Ø3	shi3
sh	Ø4	shi4
sh	Ø5	shi5
sh	a1	sha1
sh	a2	sha2
sh	a3	sha3
sh	a4	sha4
sh	a5	sha5
sh	e1	she1
sh	e2	she2
sh	e3	she3
sh	e4	she4
sh	e5	she5
sh	ai1	shai1
sh	ai2	shai2
sh	ai3	shai3
sh	ai4	shai4
sh	ai5	shai5
sh	ei1	shei1
sh	ei2	shei2
sh	ei3	shei3
sh	ei4	shei4
sh	ei5	shei5
sh	ao1	shao1
sh	ao2	shao2
sh	ao3	shao3
sh	ao4	shao4
sh	ao5	shao5
sh	ou1	shou1
sh	ou2	shou2
sh	ou3	shou3
sh	ou4	shou4
sh	ou5	shou5
sh	an1	shan1
sh	an2	shan2
sh	an3	shan3
sh	an4	shan4
sh	an5	shan5
sh	(e)n1	shen1
sh	(e)n2	shen2
sh	(e)n3	shen3
sh	(e)n4	shen4
sh	(e)n5	shen5
sh	ang1	shang1
sh	ang2	shang2
sh	ang3	shang3
sh	ang4	shang4
sh	ang5	shang5
sh	(e)ng1	sheng1
sh	(e)ng2	sheng2
sh	(e)ng3	sheng3
sh	(e)ng4	sheng4
sh	(e)ng5	sheng5
r	Ø1	ri1
r	Ø2	ri2
r	Ø3	ri3
r	Ø4	ri4
r	Ø5	ri5
r	e1	re1
r	e2	re2
r	e3	re3
r	e4	re4
r	e5	re5
r	ao1	rao1
r	ao2	rao2
r	ao3	rao3
r	ao4	rao4
r	ao5	rao5
r	ou1	rou1
r	ou2	rou2
r	ou3	rou3
r	ou4	rou4
r	ou5	rou5
r	an1	ran1
r	an2	ran2
r	an3	ran3
r	an4	ran4
r	an5	ran5
r	(e)n1	ren1
r	(e)n2	ren2
r	(e)n3	ren3
r	(e)n4	ren4
r	(e)n5	ren5
r	ang1	rang1
r	ang2	rang2
r	ang3	rang3
r	ang4	rang4
r	ang5	rang5
r	(e)ng1	reng1
r	(e)ng2	reng2
r	(e)ng3	reng3
r	(e)ng4	reng4
r	(e)ng5	reng5
z	Ø1	zi1
z	Ø2	zi2
z	Ø3	zi3
z	Ø4	zi4
z	Ø5	zi5
z	a1	za1
z	a2	za2
z	a3	za3
z	a4	za4
z	a5	za5
z	e1	ze1
z	e2	ze2
z	e3	ze3
z	e4	ze4
z	e5	ze5
z	ai1	zai1
z	ai2	zai2
z	ai3	zai3
z	ai4	zai4
z	ai5	zai5
z	ei1	zei1
z	ei2	zei2
z	ei3	zei3
z	ei4	zei4
z	ei5	zei5
z	ao1	zao1
z	ao2	zao2
z	ao3	zao3
z	ao4	zao4
z	ao5	zao5
z	ou1	zou1
z	ou2	zou2
z	ou3	zou3
z	ou4	zou4
z	ou5	zou5
z	an1	zan1
z	an2	zan2
z	an3	zan3
z	an4	zan4
z	an5	zan5
z	(e)n1	zen1
z	(e)n2	zen2
z	(e)n3	zen3
z	(e)n4	zen4
z	(e)n5	zen5
z	ang1	zang1
z	ang2	zang2
z	ang3	zang3
z	ang4	zang4
z	ang5	zang5
z	(e)ng1	zeng1
z	(e)ng2	zeng2
z	(e)ng3	zeng3
z	(e)ng4	zeng4
z	(e)ng5	zeng5
c	Ø1	ci1
c	Ø2	ci2
c	Ø3	ci3
c	Ø4	ci4
c	Ø5	ci5
c	a1	ca1
c	a2	ca2
c	a3	ca3
c	a4	ca4
c	a5	ca5
c	e1	ce1
c	e2	ce2
c	e3	ce3
c	e4	ce4
c	e5	ce5
c	ai1	cai1
c	ai2	cai2
c	ai3	cai3
c	ai4	cai4
c	ai5	cai5
c	ao1	cao1
c	ao2	cao2
c	ao3	cao3
c	ao4	cao4
c	ao5	cao5
c	ou1	cou1
c	ou2	cou2
c	ou3	cou3
c	ou4	cou4
c	ou5	cou5
c	an1	can1
c	an2	can2
c	an3	can3
c	an4	can4
c	an5	can5
c	(e)n1	cen1
c	(e)n2	cen2
c	(e)n3	cen3
c	(e)n4	cen4
c	(e)n5	cen5
c	ang1	cang1
c	ang2	cang2
c	ang3	cang3
c	ang4	cang4
c	ang5	cang5
c	(e)ng1	ceng1
c	(e)ng2	ceng2
c	(e)ng3	ceng3
c	(e)ng4	ceng4
c	(e)ng5	ceng5
s	Ø1	si1
s	Ø2	si2
s	Ø3	si3
s	Ø4	si4
s	Ø5	si5
s	a1	sa1
s	a2	sa2
s	a3	sa3
s	a4	sa4
s	a5	sa5
s	e1	se1
s	e2	se2
s	e3	se3
s	e4	se4
s	e5	se5
s	ai1	sai1
s	ai2	sai2
s	ai3	sai3
s	ai4	sai4
s	ai5	sai5
s	ao1	sao1
s	ao2	sao2
s	ao3	sao3
s	ao4	sao4
s	ao5	sao5
s	ou1	sou1
s	ou2	sou2
s	ou3	sou3
s	ou4	sou4
s	ou5	sou5
s	an1	san1
s	an2	san2
s	an3	san3
s	an4	san4
s	an5	san5
s	(e)n1	sen1
s	(e)n2	sen2
s	(e)n3	sen3
s	(e)n4	sen4
s	(e)n5	sen5
s	ang1	sang1
s	ang2	sang2
s	ang3	sang3
s	ang4	sang4
s	ang5	sang5
s	(e)ng1	seng1
s	(e)ng2	seng2
s	(e)ng3	seng3
s	(e)ng4	seng4
s	(e)ng5	seng5
y	Ø1	yi1
y	Ø2	yi2
y	Ø3	yi3
y	Ø4	yi4
y	Ø5	yi5
y	a1	ya1
y	a2	ya2
y	a3	ya3
y	a4	ya4
y	a5	ya5
y	o1	yo1
y	o2	yo2
y	o3	yo3
y	o4	yo4
y	o5	yo5
y	e1	ye1
y	e2	ye2
y	e3	ye3
y	e4	ye4
y	e5	ye5
y	ai1	yai1
y	ai2	yai2
y	ai3	yai3
y	ai4	yai4
y	ai5	yai5
y	ao1	yao1
y	ao2	yao2
y	ao3	yao3
y	ao4	yao4
y	ao5	yao5
y	ou1	you1
y	ou2	you2
y	ou3	you3
y	ou4	you4
y	ou5	you5
y	an1	yan1
y	an2	yan2
y	an3	yan3
y	an4	yan4
y	an5	yan5
y	(e)n1	yin1
y	(e)n2	yin2
y	(e)n3	yin3
y	(e)n4	yin4
y	(e)n5	yin5
y	ang1	yang1
y	ang2	yang2
y	ang3	yang3
y	ang4	yang4
y	ang5	yang5
y	(e)ng1	ying1
y	(e)ng2	ying2
y	(e)ng3	ying3
y	(e)ng4	ying4
y	(e)ng5	ying5
bi	Ø1	bi1
bi	Ø2	bi2
bi	Ø3	bi3
bi	Ø4	bi4
bi	Ø5	bi5
bi	e1	bie1
bi	e2	bie2
bi	e3	bie3
bi	e4	bie4
bi	e5	bie5
bi	ao1	biao1
bi	ao2	biao2
bi	ao3	biao3
bi	ao4	biao4
bi	ao5	biao5
bi	an1	bian1
bi	an2	bian2
bi	an3	bian3
bi	an4	bian4
bi	an5	bian5
bi	(e)n1	bin1
bi	(e)n2	bin2
bi	(e)n3	bin3
bi	(e)n4	bin4
bi	(e)n5	bin5
bi	(e)ng1	bing1
bi	(e)ng2	bing2
bi	(e)ng3	bing3
bi	(e)ng4	bing4
bi	(e)ng5	bing5
pi	Ø1	pi1
pi	Ø2	pi2
pi	Ø3	pi3
pi	Ø4	pi4
pi	Ø5	pi5
pi	e1	pie1
pi	e2	pie2
pi	e3	pie3
pi	e4	pie4
pi	e5	pie5
pi	ao1	piao1
pi	ao2	piao2
pi	ao3	piao3
pi	ao4	piao4
pi	ao5	piao5
pi	an1	pian1
pi	an2	pian2
pi	an3	pian3
pi	an4	pian4
pi	an5	pian5
pi	(e)n1	pin1
pi	(e)n2	pin2
pi	(e)n3	pin3
pi	(e)n4	pin4
pi	(e)n5	pin5
pi	(e)ng1	ping1
pi	(e)ng2	ping2
pi	(e)ng3	ping3
pi	(e)ng4	ping4
pi	(e)ng5	ping5
mi	Ø1	mi1
mi	Ø2	mi2
mi	Ø3	mi3
mi	Ø4	mi4
mi	Ø5	mi5
mi	e1	mie1
mi	e2	mie2
mi	e3	mie3
mi	e4	mie4
mi	e5	mie5
mi	ao1	miao1
mi	ao2	miao2
mi	ao3	miao3
mi	ao4	miao4
mi	ao5	miao5
mi	ou1	miu1
mi	ou2	miu2
mi	ou3	miu3
mi	ou4	miu4
mi	ou5	miu5
mi	an1	mian1
mi	an2	mian2
mi	an3	mian3
mi	an4	mian4
mi	an5	mian5
mi	(e)n1	min1
mi	(e)n2	min2
mi	(e)n3	min3
mi	(e)n4	min4
mi	(e)n5	min5
mi	(e)ng1	ming1
mi	(e)ng2	ming2
mi	(e)ng3	ming3
mi	(e)ng4	ming4
mi	(e)ng5	ming5
di	Ø1	di1
di	Ø2	di2
di	Ø3	di3
di	Ø4	di4
di	Ø5	di5
di	a1	dia1
di	a2	dia2
di	a3	dia3
di	a4	dia4
di	a5	dia5
di	e1	die1
di	e2	die2
di	e3	die3
di	e4	die4
di	e5	die5
di	ao1	diao1
di	ao2	diao2
di	ao3	diao3
di	ao4	diao4
di	ao5	diao5
di	ou1	diu1
di	ou2	diu2
di	ou3	diu3
di	ou4	diu4
di	ou5	diu5
di	an1	dian1
di	an2	dian2
di	an3	dian3
di	an4	dian4
di	an5	dian5
di	(e)ng1	ding1
di	(e)ng2	ding2
di	(e)ng3	ding3
di	(e)ng4	ding4
di	(e)ng5	ding5
ti	Ø1	ti1
ti	Ø2	ti2
ti	Ø3	ti3
ti	Ø4	ti4
ti	Ø5	ti5
ti	e1	tie1
ti	e2	tie2
ti	e3	tie3
ti	e4	tie4
ti	e5	tie5
ti	ao1	tiao1
ti	ao2	tiao2
ti	ao3	tiao3
ti	ao4	tiao4
ti	ao5	tiao5
ti	an1	tian1
ti	an2	tian2
ti	an3	tian3
ti	an4	tian4
ti	an5	tian5
ti	(e)ng1	ting1
ti	(e)ng2	ting2
ti	(e)ng3	ting3
ti	(e)ng4	ting4
ti	(e)ng5	ting5
ni	Ø1	ni1
ni	Ø2	ni2
ni	Ø3	ni3
ni	Ø4	ni4
ni	Ø5	ni5
ni	e1	nie1
ni	e2	nie2
ni	e3	nie3
ni	e4	nie4
ni	e5	nie5
ni	ao1	niao1
ni	ao2	niao2
ni	ao3	niao3
ni	ao4	niao4
ni	ao5	niao5
ni	ou1	niu1
ni	ou2	niu2
ni	ou3	niu3
ni	ou4	niu4
ni	ou5	niu5
ni	an1	nian1
ni	an2	nian2
ni	an3	nian3
ni	an4	nian4
ni	an5	nian5
ni	(e)n1	nin1
ni	(e)n2	nin2
ni	(e)n3	nin3
ni	(e)n4	nin4
ni	(e)n5	nin5
ni	ang1	niang1
ni	ang2	niang2
ni	ang3	niang3
ni	ang4	niang4
ni	ang5	niang5
ni	(e)ng1	ning1
ni	(e)ng2	ning2
ni	(e)ng3	ning3
ni	(e)ng4	ning4
ni	(e)ng5	ning5
li	Ø1	li1
li	Ø2	li2
li	Ø3	li3
li	Ø4	li4
li	Ø5	li5
li	a1	lia1
li	a2	lia2
li	a3	lia3
li	a4	lia4
li	a5	lia5
li	e1	lie1
li	e2	lie2
li	e3	lie3
li	e4	lie4
li	e5	lie5
li	ao1	liao1
li	ao2	liao2
li	ao3	liao3
li	ao4	liao4
li	ao5	liao5
li	ou1	liu1
li	ou2	liu2
li	ou3	liu3
li	ou4	liu4
li	ou5	liu5
li	an1	lian1
li	an2	lian2
li	an3	lian3
li	an4	lian4
li	an5	lian5
li	(e)n1	lin1
li	(e)n2	lin2
li	(e)n3	lin3
li	(e)n4	lin4
li	(e)n5	lin5
li	ang1	liang1
li	ang2	liang2
li	ang3	liang3
li	ang4	liang4
li	ang5	liang5
li	(e)ng1	ling1
li	(e)ng2	ling2
li	(e)ng3	ling3
li	(e)ng4	ling4
li	(e)ng5	ling5
ji	Ø1	ji1
ji	Ø2	ji2
ji	Ø3	ji3
ji	Ø4	ji4
ji	Ø5	ji5
ji	a1	jia1
ji	a2	jia2
ji	a3	jia3
ji	a4	jia4
ji	a5	jia5
ji	e1	jie1
ji	e2	jie2
ji	e3	jie3
ji	e4	jie4
ji	e5	jie5
ji	ao1	jiao1
ji	ao2	jiao2
ji	ao3	jiao3
ji	ao4	jiao4
ji	ao5	jiao5
ji	ou1	jiu1
ji	ou2	jiu2
ji	ou3	jiu3
ji	ou4	jiu4
ji	ou5	jiu5
ji	an1	jian1
ji	an2	jian2
ji	an3	jian3
ji	an4	jian4
ji	an5	jian5
ji	(e)n1	jin1
ji	(e)n2	jin2
ji	(e)n3	jin3
ji	(e)n4	jin4
ji	(e)n5	jin5
ji	ang1	jiang1
ji	ang2	jiang2
ji	ang3	jiang3
ji	ang4	jiang4
ji	ang5	jiang5
ji	(e)ng1	jing1
ji	(e)ng2	jing2
ji	(e)ng3	jing3
ji	(e)ng4	jing4
ji	(e)ng5	jing5
qi	Ø1	qi1
qi	Ø2	qi2
qi	Ø3	qi3
qi	Ø4	qi4
qi	Ø5	qi5
qi	a1	qia1
qi	a2	qia2
qi	a3	qia3
qi	a4	qia4
qi	a5	qia5
qi	e1	qie1
qi	e2	qie2
qi	e3	qie3
qi	e4	qie4
qi	e5	qie5
qi	ao1	qiao1
qi	ao2	qiao2
qi	ao3	qiao3
qi	ao4	qiao4
qi	ao5	qiao5
qi	ou1	qiu1
qi	ou2	qiu2
qi	ou3	qiu3
qi	ou4	qiu4
qi	ou5	qiu5
qi	an1	qian1
qi	an2	qian2
qi	an3	qian3
qi	an4	qian4
qi	an5	qian5
qi	(e)n1	qin1
qi	(e)n2	qin2
qi	(e)n3	qin3
qi	(e)n4	qin4
qi	(e)n5	qin5
qi	ang1	qiang1
qi	ang2	qiang2
qi	ang3	qiang3
qi	ang4	qiang4
qi	ang5	qiang5
qi	(e)ng1	qing1
qi	(e)ng2	qing2
qi	(e)ng3	qing3
qi	(e)ng4	qing4
qi	(e)ng5	qing5
xi	Ø1	xi1
xi	Ø2	xi2
xi	Ø3	xi3
xi	Ø4	xi4
xi	Ø5	xi5
xi	a1	xia1
xi	a2	xia2
xi	a3	xia3
xi	a4	xia4
xi	a5	xia5
xi	e1	xie1
xi	e2	xie2
xi	e3	xie3
xi	e4	xie4
xi	e5	xie5
xi	ao1	xiao1
xi	ao2	xiao2
xi	ao3	xiao3
xi	ao4	xiao4
xi	ao5	xiao5
xi	ou1	xiu1
xi	ou2	xiu2
xi	ou3	xiu3
xi	ou4	xiu4
xi	ou5	xiu5
xi	an1	xian1
xi	an2	xian2
xi	an3	xian3
xi	an4	xian4
xi	an5	xian5
xi	(e)n1	xin1
xi	(e)n2	xin2
xi	(e)n3	xin3
xi	(e)n4	xin4
xi	(e)n5	xin5
xi	ang1	xiang1
xi	ang2	xiang2
xi	ang3	xiang3
xi	ang4	xiang4
xi	ang5	xiang5
xi	(e)ng1	xing1
xi	(e)ng2	xing2
xi	(e)ng3	xing3
xi	(e)ng4	xing4
xi	(e)ng5	xing5
w	Ø1	wu1
w	Ø2	wu2
w	Ø3	wu3
w	Ø4	wu4
w	Ø5	wu5
w	a1	wa1
w	a2	wa2
w	a3	wa3
w	a4	wa4
w	a5	wa5
w	o1	wo1
w	o2	wo2
w	o3	wo3
w	o4	wo4
w	o5	wo5
w	ai1	wai1
w	ai2	wai2
w	ai3	wai3
w	ai4	wai4
w	ai5	wai5
w	ei1	wei1
w	ei2	wei2
w	ei3	wei3
w	ei4	wei4
w	ei5	wei5
w	an1	wan1
w	an2	wan2
w	an3	wan3
w	an4	wan4
w	an5	wan5
w	(e)n1	wen1
w	(e)n2	wen2
w	(e)n3	wen3
w	(e)n4	wen4
w	(e)n5	wen5
w	ang1	wang1
w	ang2	wang2
w	ang3	wang3
w	ang4	wang4
w	ang5	wang5
w	(e)ng1	weng1
w	(e)ng2	weng2
w	(e)ng3	weng3
w	(e)ng4	weng4
w	(e)ng5	weng5
bu	Ø1	bu1
bu	Ø2	bu2
bu	Ø3	bu3
bu	Ø4	bu4
bu	Ø5	bu5
pu	Ø1	pu1
pu	Ø2	pu2
pu	Ø3	pu3
pu	Ø4	pu4
pu	Ø5	pu5
mu	Ø1	mu1
mu	Ø2	mu2
mu	Ø3	mu3
mu	Ø4	mu4
mu	Ø5	mu5
fu	Ø1	fu1
fu	Ø2	fu2
fu	Ø3	fu3
fu	Ø4	fu4
fu	Ø5	fu5
du	Ø1	du1
du	Ø2	du2
du	Ø3	du3
du	Ø4	du4
du	Ø5	du5
du	o1	duo1
du	o2	duo2
du	o3	duo3
du	o4	duo4
du	o5	duo5
du	ei1	dui1
du	ei2	dui2
du	ei3	dui3
du	ei4	dui4
du	ei5	dui5
du	an1	duan1
du	an2	duan2
du	an3	duan3
du	an4	duan4
du	an5	duan5
du	(e)n1	dun1
du	(e)n2	dun2
du	(e)n3	dun3
du	(e)n4	dun4
du	(e)n5	dun5
du	(e)ng1	dong1
du	(e)ng2	dong2
du	(e)ng3	dong3
du	(e)ng4	dong4
du	(e)ng5	dong5
tu	Ø1	tu1
tu	Ø2	tu2
tu	Ø3	tu3
tu	Ø4	tu4
tu	Ø5	tu5
tu	o1	tuo1
tu	o2	tuo2
tu	o3	tuo3
tu	o4	tuo4
tu	o5	tuo5
tu	ei1	tui1
tu	ei2	tui2
tu	ei3	tui3
tu	ei4	tui4
tu	ei5	tui5
tu	an1	tuan1
tu	an2	tuan2
tu	an3	tuan3
tu	an4	tuan4
tu	an5	tuan5
tu	(e)n1	tun1
tu	(e)n2	tun2
tu	(e)n3	tun3
tu	(e)n4	tun4
tu	(e)n5	tun5
tu	(e)ng1	tong1
tu	(e)ng2	tong2
tu	(e)ng3	tong3
tu	(e)ng4	tong4
tu	(e)ng5	tong5
nu	Ø1	nu1
nu	Ø2	nu2
nu	Ø3	nu3
nu	Ø4	nu4
nu	Ø5	nu5
nu	o1	nuo1
nu	o2	nuo2
nu	o3	nuo3
nu	o4	nuo4
nu	o5	nuo5
nu	an1	nuan1
nu	an2	nuan2
nu	an3	nuan3
nu	an4	nuan4
nu	an5	nuan5
nu	(e)ng1	nong1
nu	(e)ng2	nong2
nu	(e)ng3	nong3
nu	(e)ng4	nong4
nu	(e)ng5	nong5
lu	Ø1	lu1
lu	Ø2	lu2
lu	Ø3	lu3
lu	Ø4	lu4
lu	Ø5	lu5
lu	o1	luo1
lu	o2	luo2
lu	o3	luo3
lu	o4	luo4
lu	o5	luo5
lu	an1	luan1
lu	an2	luan2
lu	an3	luan3
lu	an4	luan4
lu	an5	luan5
lu	(e)n1	lun1
lu	(e)n2	lun2
lu	(e)n3	lun3
lu	(e)n4	lun4
lu	(e)n5	lun5
lu	(e)ng1	long1
lu	(e)ng2	long2
lu	(e)ng3	long3
lu	(e)ng4	long4
lu	(e)ng5	long5
gu	Ø1	gu1
gu	Ø2	gu2
gu	Ø3	gu3
gu	Ø4	gu4
gu	Ø5	gu5
gu	a1	gua1
gu	a2	gua2
gu	a3	gua3
gu	a4	gua4
gu	a5	gua5
gu	o1	guo1
gu	o2	guo2
gu	o3	guo3
gu	o4	guo4
gu	o5	guo5
gu	ai1	guai1
gu	ai2	guai2
gu	ai3	guai3
gu	ai4	guai4
gu	ai5	guai5
gu	ei1	gui1
gu	ei2	gui2
gu	ei3	gui3
gu	ei4	gui4
gu	ei5	gui5
gu	an1	guan1
gu	an2	guan2
gu	an3	guan3
gu	an4	guan4
gu	an5	guan5
gu	(e)n1	gun1
gu	(e)n2	gun2
gu	(e)n3	gun3
gu	(e)n4	gun4
gu	(e)n5	gun5
gu	ang1	guang1
gu	ang2	guang2
gu	ang3	guang3
gu	ang4	guang4
gu	ang5	guang5
gu	(e)ng1	gong1
gu	(e)ng2	gong2
gu	(e)ng3	gong3
gu	(e)ng4	gong4
gu	(e)ng5	gong5
ku	Ø1	ku1
ku	Ø2	ku2
ku	Ø3	ku3
ku	Ø4	ku4
ku	Ø5	ku5
ku	a1	kua1
ku	a2	kua2
ku	a3	kua3
ku	a4	kua4
ku	a5	kua5
ku	o1	kuo1
ku	o2	kuo2
ku	o3	kuo3
ku	o4	kuo4
ku	o5	kuo5
ku	ai1	kuai1
ku	ai2	kuai2
ku	ai3	kuai3
ku	ai4	kuai4
ku	ai5	kuai5
ku	ei1	kui1
ku	ei2	kui2
ku	ei3	kui3
ku	ei4	kui4
ku	ei5	kui5
ku	an1	kuan1
ku	an2	kuan2
ku	an3	kuan3
ku	an4	kuan4
ku	an5	kuan5
ku	(e)n1	kun1
ku	(e)n2	kun2
ku	(e)n3	kun3
ku	(e)n4	kun4
ku	(e)n5	kun5
ku	ang1	kuang1
ku	ang2	kuang2
ku	ang3	kuang3
ku	ang4	kuang4
ku	ang5	kuang5
ku	(e)ng1	kong1
ku	(e)ng2	kong2
ku	(e)ng3	kong3
ku	(e)ng4	kong4
ku	(e)ng5	kong5
hu	Ø1	hu1
hu	Ø2	hu2
hu	Ø3	hu3
hu	Ø4	hu4
hu	Ø5	hu5
hu	a1	hua1
hu	a2	hua2
hu	a3	hua3
hu	a4	hua4
hu	a5	hua5
hu	o1	huo1
hu	o2	huo2
hu	o3	huo3
hu	o4	huo4
hu	o5	huo5
hu	ai1	huai1
hu	ai2	huai2
hu	ai3	huai3
hu	ai4	huai4
hu	ai5	huai5
hu	ei1	hui1
hu	ei2	hui2
hu	ei3	hui3
hu	ei4	hui4
hu	ei5	hui5
hu	an1	huan1
hu	an2	huan2
hu	an3	huan3
hu	an4	huan4
hu	an5	huan5
hu	(e)n1	hun1
hu	(e)n2	hun2
hu	(e)n3	hun3
hu	(e)n4	hun4
hu	(e)n5	hun5
hu	ang1	huang1
hu	ang2	huang2
hu	ang3	huang3
hu	ang4	huang4
hu	ang5	huang5
hu	(e)ng1	hong1
hu	(e)ng2	hong2
hu	(e)ng3	hong3
hu	(e)ng4	hong4
hu	(e)ng5	hong5
zhu	Ø1	zhu1
zhu	Ø2	zhu2
zhu	Ø3	zhu3
zhu	Ø4	zhu4
zhu	Ø5	zhu5
zhu	a1	zhua1
zhu	a2	zhua2
zhu	a3	zhua3
zhu	a4	zhua4
zhu	a5	zhua5
zhu	o1	zhuo1
zhu	o2	zhuo2
zhu	o3	zhuo3
zhu	o4	zhuo4
zhu	o5	zhuo5
zhu	ai1	zhuai1
zhu	ai2	zhuai2
zhu	ai3	zhuai3
zhu	ai4	zhuai4
zhu	ai5	zhuai5
zhu	ei1	zhui1
zhu	ei2	zhui2
zhu	ei3	zhui3
zhu	ei4	zhui4
zhu	ei5	zhui5
zhu	an1	zhuan1
zhu	an2	zhuan2
zhu	an3	zhuan3
zhu	an4	zhuan4
zhu	an5	zhuan5
zhu	(e)n1	zhun1
zhu	(e)n2	zhun2
zhu	(e)n3	zhun3
zhu	(e)n4	zhun4
zhu	(e)n5	zhun5
zhu	ang1	zhuang1
zhu	ang2	zhuang2
zhu	ang3	zhuang3
zhu	ang4	zhuang4
zhu	ang5	zhuang5
zhu	(e)ng1	zhong1
zhu	(e)ng2	zhong2
zhu	(e)ng3	zhong3
zhu	(e)ng4	zhong4
zhu	(e)ng5	zhong5
chu	Ø1	chu1
chu	Ø2	chu2
chu	Ø3	chu3
chu	Ø4	chu4
chu	Ø5	chu5
chu	a1	chua1
chu	a2	chua2
chu	a3	chua3
chu	a4	chua4
chu	a5	chua5
chu	o1	chuo1
chu	o2	chuo2
chu	o3	chuo3
chu	o4	chuo4
chu	o5	chuo5
chu	ai1	chuai1
chu	ai2	chuai2
chu	ai3	chuai3
chu	ai4	chuai4
chu	ai5	chuai5
chu	ei1	chui1
chu	ei2	chui2
chu	ei3	chui3
chu	ei4	chui4
chu	ei5	chui5
chu	an1	chuan1
chu	an2	chuan2
chu	an3	chuan3
chu	an4	chuan4
chu	an5	chuan5
chu	(e)n1	chun1
chu	(e)n2	chun2
chu	(e)n3	chun3
chu	(e)n4	chun4
chu	(e)n5	chun5
chu	ang1	chuang1
chu	ang2	chuang2
chu	ang3	chuang3
chu	ang4	chuang4
chu	ang5	chuang5
chu	(e)ng1	chong1
chu	(e)ng2	chong2
chu	(e)ng3	chong3
chu	(e)ng4	chong4
chu	(e)ng5	chong5
shu	Ø1	shu1
shu	Ø2	shu2
shu	Ø3	shu3
shu	Ø4	shu4
shu	Ø5	shu5
shu	a1	shua1
shu	a2	shua2
shu	a3	shua3
shu	a4	shua4
shu	a5	shua5
shu	o1	shuo1
shu	o2	shuo2
shu	o3	shuo3
shu	o4	shuo4
shu	o5	shuo5
shu	ai1	shuai1
shu	ai2	shuai2
shu	ai3	shuai3
shu	ai4	shuai4
shu	ai5	shuai5
shu	ei1	shui1
shu	ei2	shui2
shu	ei3	shui3
shu	ei4	shui4
shu	ei5	shui5
shu	an1	shuan1
shu	an2	shuan2
shu	an3	shuan3
shu	an4	shuan4
shu	an5	shuan5
shu	(e)n1	shun1
shu	(e)n2	shun2
shu	(e)n3	shun3
shu	(e)n4	shun4
shu	(e)n5	shun5
shu	ang1	shuang1
shu	ang2	shuang2
shu	ang3	shuang3
shu	ang4	shuang4
shu	ang5	shuang5
ru	Ø1	ru1
ru	Ø2	ru2
ru	Ø3	ru3
ru	Ø4	ru4
ru	Ø5	ru5
ru	a1	rua1
ru	a2	rua2
ru	a3	rua3
ru	a4	rua4
ru	a5	rua5
ru	o1	ruo1
ru	o2	ruo2
ru	o3	ruo3
ru	o4	ruo4
ru	o5	ruo5
ru	ei1	rui1
ru	ei2	rui2
ru	ei3	rui3
ru	ei4	rui4
ru	ei5	rui5
ru	an1	ruan1
ru	an2	ruan2
ru	an3	ruan3
ru	an4	ruan4
ru	an5	ruan5
ru	(e)n1	run1
ru	(e)n2	run2
ru	(e)n3	run3
ru	(e)n4	run4
ru	(e)n5	run5
ru	(e)ng1	rong1
ru	(e)ng2	rong2
ru	(e)ng3	rong3
ru	(e)ng4	rong4
ru	(e)ng5	rong5
zu	Ø1	zu1
zu	Ø2	zu2
zu	Ø3	zu3
zu	Ø4	zu4
zu	Ø5	zu5
zu	o1	zuo1
zu	o2	zuo2
zu	o3	zuo3
zu	o4	zuo4
zu	o5	zuo5
zu	ei1	zui1
zu	ei2	zui2
zu	ei3	zui3
zu	ei4	zui4
zu	ei5	zui5
zu	an1	zuan1
zu	an2	zuan2
zu	an3	zuan3
zu	an4	zuan4
zu	an5	zuan5
zu	(e)n1	zun1
zu	(e)n2	zun2
zu	(e)n3	zun3
zu	(e)n4	zun4
zu	(e)n5	zun5
zu	(e)ng1	zong1
zu	(e)ng2	zong2
zu	(e)ng3	zong3
zu	(e)ng4	zong4
zu	(e)ng5	zong5
cu	Ø1	cu1
cu	Ø2	cu2
cu	Ø3	cu3
cu	Ø4	cu4
cu	Ø5	cu5
cu	o1	cuo1
cu	o2	cuo2
cu	o3	cuo3
cu	o4	cuo4
cu	o5	cuo5
cu	ei1	cui1
cu	ei2	cui2
cu	ei3	cui3
cu	ei4	cui4
cu	ei5	cui5
cu	an1	cuan1
cu	an2	cuan2
cu	an3	cuan3
cu	an4	cuan4
cu	an5	cuan5
cu	(e)n1	cun1
cu	(e)n2	cun2
cu	(e)n3	cun3
cu	(e)n4	cun4
cu	(e)n5	cun5
cu	(e)ng1	cong1
cu	(e)ng2	cong2
cu	(e)ng3	cong3
cu	(e)ng4	cong4
cu	(e)ng5	cong5
su	Ø1	su1
su	Ø2	su2
su	Ø3	su3
su	Ø4	su4
su	Ø5	su5
su	o1	suo1
su	o2	suo2
su	o3	suo3
su	o4	suo4
su	o5	suo5
su	ei1	sui1
su	ei2	sui2
su	ei3	sui3
su	ei4	sui4
su	ei5	sui5
su	an1	suan1
su	an2	suan2
su	an3	suan3
su	an4	suan4
su	an5	suan5
su	(e)n1	sun1
su	(e)n2	sun2
su	(e)n3	sun3
su	(e)n4	sun4
su	(e)n5	sun5
su	(e)ng1	song1
su	(e)ng2	song2
su	(e)ng3	song3
su	(e)ng4	song4
su	(e)ng5	song5
yu	Ø1	yu1
yu	Ø2	yu2
yu	Ø3	yu3
yu	Ø4	yu4
yu	Ø5	yu5
yu	e1	yue1
yu	e2	yue2
yu	e3	yue3
yu	e4	yue4
yu	e5	yue5
yu	an1	yuan1
yu	an2	yuan2
yu	an3	yuan3
yu	an4	yuan4
yu	an5	yuan5
yu	(e)n1	yun1
yu	(e)n2	yun2
yu	(e)n3	yun3
yu	(e)n4	yun4
yu	(e)n5	yun5
yu	(e)ng1	yong1
yu	(e)ng2	yong2
yu	(e)ng3	yong3
yu	(e)ng4	yong4
yu	(e)ng5	yong5
nü	Ø1	nü1
nü	Ø2	nü2
nü	Ø3	nü3
nü	Ø4	nü4
nü	Ø5	nü5
nü	e1	nüe1
nü	e2	nüe2
nü	e3	nüe3
nü	e4	nüe4
nü	e5	nüe5
lü	Ø1	lü1
lü	Ø2	lü2
lü	Ø3	lü3
lü	Ø4	lü4
lü	Ø5	lü5
lü	e1	lüe1
lü	e2	lüe2
lü	e3	lüe3
lü	e4	lüe4
lü	e5	lüe5
nü	Ø1	nu:1
nü	Ø2	nu:2
nü	Ø3	nu:3
nü	Ø4	nu:4
nü	Ø5	nu:5
nü	e1	nu:e1
nü	e2	nu:e2
nü	e3	nu:e3
nü	e4	nu:e4
nü	e5	nu:e5
lü	Ø1	lu:1
lü	Ø2	lu:2
lü	Ø3	lu:3
lü	Ø4	lu:4
lü	Ø5	lu:5
lü	e1	lu:e1
lü	e2	lu:e2
lü	e3	lu:e3
lü	e4	lu:e4
lü	e5	lu:e5
ju	Ø1	ju1
ju	Ø2	ju2
ju	Ø3	ju3
ju	Ø4	ju4
ju	Ø5	ju5
ju	e1	jue1
ju	e2	jue2
ju	e3	jue3
ju	e4	jue4
ju	e5	jue5
ju	an1	juan1
ju	an2	juan2
ju	an3	juan3
ju	an4	juan4
ju	an5	juan5
ju	(e)n1	jun1
ju	(e)n2	jun2
ju	(e)n3	jun3
ju	(e)n4	jun4
ju	(e)n5	jun5
ju	(e)ng1	jiong1
ju	(e)ng2	jiong2
ju	(e)ng3	jiong3
ju	(e)ng4	jiong4
ju	(e)ng5	jiong5
qu	Ø1	qu1
qu	Ø2	qu2
qu	Ø3	qu3
qu	Ø4	qu4
qu	Ø5	qu5
qu	e1	que1
qu	e2	que2
qu	e3	que3
qu	e4	que4
qu	e5	que5
qu	an1	quan1
qu	an2	quan2
qu	an3	quan3
qu	an4	quan4
qu	an5	quan5
qu	(e)n1	qun1
qu	(e)n2	qun2
qu	(e)n3	qun3
qu	(e)n4	qun4
qu	(e)n5	qun5
qu	(e)ng1	qiong1
qu	(e)ng2	qiong2
qu	(e)ng3	qiong3
qu	(e)ng4	qiong4
qu	(e)ng5	qiong5
xu	Ø1	xu1
xu	Ø2	xu2
xu	Ø3	xu3
xu	Ø4	xu4
xu	Ø5	xu5
xu	e1	xue1
xu	e2	xue2
xu	e3	xue3
xu	e4	xue4
xu	e5	xue5
xu	an1	xuan1
xu	an2	xuan2
xu	an3	xuan3
xu	an4	xuan4
xu	an5	xuan5
xu	(e)n1	xun1
xu	(e)n2	xun2
xu	(e)n3	xun3
xu	(e)n4	xun4
xu	(e)n5	xun5
xu	(e)ng1	xiong1
xu	(e)ng2	xiong2
xu	(e)ng3	xiong3
xu	(e)ng4	xiong4
xu	(e)ng5	xiong5
